<ExacheckResults modelVersion=" 12.1.0.2.3_20150305" RackType="" EngineeredSystems="" RackIdentifier="" TimeStamp="Thu Apr 16 21:06:30 UTC 2015" ExadataType="" xsi:noNamespaceSchemaLocation="exacheck_result.xsd" xmlns:xsi="http://www.w3.org/2001/XMLSchema-instance">
   <ExacheckResult executionTimestamp="2015-04-17 05:07:44 CST">
     <CheckID>7EDDA570A1827FBAE040E50A1EC02EB1</CheckID>
     <CheckType>OS</CheckType>
     <AlertType>WARNING</AlertType>
     <TargetType>RDBMS_HOME</TargetType>
     <Status>PASS</Status>
     <ColumnValues>
       <ColumnValue Name="NodeName" value="rac2"/>
       <ColumnValue Name="HomePath" value="/u01/app/oracle/product/11.2.0.4/db_1"/>
     </ColumnValues>
   </ExacheckResult>
   <ExacheckResult executionTimestamp="2015-04-17 05:07:45 CST">
     <CheckID>7EDE9EBEC9429FBAE040E50A1EC03AED</CheckID>
     <CheckType>OS</CheckType>
     <AlertType>WARNING</AlertType>
     <TargetType>RDBMS_HOME</TargetType>
     <Status>PASS</Status>
     <ColumnValues>
       <ColumnValue Name="NodeName" value="rac2"/>
       <ColumnValue Name="HomePath" value="/u01/app/oracle/product/11.2.0.4/db_1"/>
     </ColumnValues>
   </ExacheckResult>
   <ExacheckResult executionTimestamp="2015-04-17 05:07:48 CST">
     <CheckID>841E706550975C68E040E50A1EC05EFB</CheckID>
     <CheckType>OS</CheckType>
     <AlertType>WARNING</AlertType>
     <TargetType>RDBMS_HOME</TargetType>
     <Status>PASS</Status>
     <ColumnValues>
       <ColumnValue Name="NodeName" value="rac2"/>
       <ColumnValue Name="HomePath" value="/u01/app/oracle/product/11.2.0.4/db_1"/>
     </ColumnValues>
   </ExacheckResult>
   <ExacheckResult executionTimestamp="2015-04-17 05:07:30 CST">
     <CheckID>7EDDA570A1827FBAE040E50A1EC02EB1</CheckID>
     <CheckType>OS</CheckType>
     <AlertType>WARNING</AlertType>
     <TargetType>RDBMS_HOME</TargetType>
     <Status>PASS</Status>
     <ColumnValues>
       <ColumnValue Name="NodeName" value="rac1"/>
       <ColumnValue Name="HomePath" value="/u01/app/oracle/product/11.2.0.4/db_1"/>
     </ColumnValues>
   </ExacheckResult>
   <ExacheckResult executionTimestamp="2015-04-17 05:07:31 CST">
     <CheckID>7EDE9EBEC9429FBAE040E50A1EC03AED</CheckID>
     <CheckType>OS</CheckType>
     <AlertType>WARNING</AlertType>
     <TargetType>RDBMS_HOME</TargetType>
     <Status>PASS</Status>
     <ColumnValues>
       <ColumnValue Name="NodeName" value="rac1"/>
       <ColumnValue Name="HomePath" value="/u01/app/oracle/product/11.2.0.4/db_1"/>
     </ColumnValues>
   </ExacheckResult>
   <ExacheckResult executionTimestamp="2015-04-17 05:07:34 CST">
     <CheckID>841E706550975C68E040E50A1EC05EFB</CheckID>
     <CheckType>OS</CheckType>
     <AlertType>WARNING</AlertType>
     <TargetType>RDBMS_HOME</TargetType>
     <Status>PASS</Status>
     <ColumnValues>
       <ColumnValue Name="NodeName" value="rac1"/>
       <ColumnValue Name="HomePath" value="/u01/app/oracle/product/11.2.0.4/db_1"/>
     </ColumnValues>
   </ExacheckResult>
   <ExacheckResult executionTimestamp="2015-04-17 05:09:07 CST">
     <CheckID>7E3FAC1843F137ABE040E50A1EC0139B</CheckID>
     <CheckType>CLUSTERWIDE_CHECK</CheckType>
     <AlertType>WARNING</AlertType>
     <TargetType>CLUSTER</TargetType>
     <Status>PASS</Status>
     <ColumnValues>
     </ColumnValues>
   </ExacheckResult>
</ExacheckResults>
